[
  {
    "title": "Boys' Brigade Share-A-Gift",
    "date": "1st November 2025 12a.m. to 6p.m.",
    "description": "Work with Boys Brigade to collect food donation and distribute to the less fortunate",
    "image": "../images/home/bbsg.jpg",
    "link": "events.html#bbsg"
  },

  {
    "title": "National Day Parade 2025",
    "date": "May to 9th August on Saturdays 9am to 5pm",
    "description": "To help in the National Day Parade, interact with the audience and cheer them up",
    "image": "../images/home/ndp.jpg",
    "link": "events.html#ndp"
  }

]
